[
  {
    "full_name": "Rick Sanchez",
    "email": "rick@example.com",
    "phone_number": "202-555-0164",
    "checkIn_date": "2020-12-31",
    "checkOut_date": "2020-12-31",
    "type_of_room": "Suite",
    "number_of_guest": 6,
    "number_of_rooms": 1,
    "created_at": "2020-12-10T08:30:32.326Z",
    "updated_at": "2020-12-10T08:30:32.326Z"
  },
  {
    "full_name": "Frank Palicky",
    "email": "frank@example.com",
    "phone_number": "202-555-0153",
    "checkIn_date": "2020-12-30",
    "checkOut_date": "2020-12-30",
    "type_of_room": "Presidential Suite",
    "number_of_guest": 1,
    "number_of_rooms": 1,
    "created_at": "2020-12-10T08:31:32.326Z",
    "updated_at": "2020-12-10T08:31:32.326Z"
  }
]
